Year,Entity,Production Allowances Allocated from Methodology in 40 CFR 84.9 and 90 FR 41676 (MTEVe),color
2026,Solstice Advanced Materials US (previously Honeywell International),110772893.20,#2caffe
2026,Chemours,48932709.10,#544fc5
2026,Mexichem Fluor DBA Koura,32640740.20,#00e272
2026,Arkema,26394276.40,#fe6a35
2026,Production for export allowances,3000.00,#fbab18
2026,Iofina Chemical,1135.00,#6b8abc
2026,Application-specific allowances,9776509.10,#d568fb
2026,Application-specific allowances: MDI Set-aside,1000000.00,#00695C
